{
	"available_locations":
	{
        "Australia":	[-35.308,    149.1245  ],
        "Brazil":		[-15.783333, -47.866667],
        "China":		[ 39.916667, 116.383333],
        "Egypt":		[ 30.033333,  31.216667],
        "Greece":		[ 37.966667,  23.716667],
        "Italy":		[ 41.9,       12.483333],
        "Iceland":		[ 64.133333, -21.933333],
        "India":		[ 28.613333,  77.208333],
        "Kazakhstan":	[ 51.166667,  71.416667],
        "Russia":		[ 55.75,      37.616667],
        "South Africa":	[-26.204444,  28.045556],
        "UK":			[ 51.50021,   -0.115958],
        "USA":			[ 38.895111, -77.036667]
	}

	"sea_proportion": "0.55",
	"sea_level": "0.15",

	"default_iterations": 100
}